Cluster	Cluster_Name
0	Neuroendocrine Cells
1	Unknown Neuron Subtype
2	Neuroendocrine Cells
3	Neuroendocrine_Cells
4	SF1 Neurons
5	Neuroendocrine Cells
6	SST Neurons
7	Unknown Neuron Subtype
8	DNs
9	GABAergic Neurons
10	Unknown Neuron Subtype
11	SST Neurons
12	Neuroendocrine Cells
13	DNs
14	SF1 Neurons
15	Neuroendocrine_Cells
16	DNs
17	DNs
18	NTS Neurons/GABAergic Neurons
19	TH+ GABAergic Neurons
20	Preoptic Area Neurons
21	TAC1 Neurons/Glutamatergic Neurons
22	MCH Neurons/HCRT Neurons
23	Unknown Neuron Subtype
24	TRH Neurons
25	NPW Neurons
26	OXT Neurons
27	POMC Neurons/SST Neurons
28	HCRT Neurons
29	DNs
30	Midbrain Neurons
